pid,family,variant,agent_correct,is_error,injected_error_mode,confidence,risk_score,verifier_decision,flagged,triggered
eoq-0000-base,eoq,base,True,False,none,0.8989664004559635,0.0,ACCEPT,False,
eoq-0000-distractor,eoq,distractor,True,False,none,0.9158192325739785,0.0,ACCEPT,False,
eoq-0000-adversarial,eoq,adversarial,False,True,no_safety_stock,0.8909060906088706,1.0,REJECT,True,feasibility|internal|calibration
eoq-0001-base,eoq,base,False,True,eoq_drop_2,0.9005021364650255,0.6350997910062267,ESCALATE,True,dominance|calibration
eoq-0001-distractor,eoq,distractor,True,False,none,0.9129150195601138,0.0,ACCEPT,False,
eoq-0001-adversarial,eoq,adversarial,False,True,no_safety_stock,0.8898673097447768,1.0,REJECT,True,feasibility|internal|calibration
eoq-0002-base,eoq,base,True,False,none,0.9140896337155936,0.0,ACCEPT,False,
eoq-0002-distractor,eoq,distractor,True,False,none,0.8902009175862454,0.0,ACCEPT,False,
eoq-0002-adversarial,eoq,adversarial,True,False,none,0.9201330737967648,0.0,ACCEPT,False,
eoq-0003-base,eoq,base,False,True,eoq_drop_2,0.9348376432467621,0.6402143950766814,ESCALATE,True,dominance|calibration
eoq-0003-distractor,eoq,distractor,True,False,none,0.9438042037979508,0.0,ACCEPT,False,
eoq-0003-adversarial,eoq,adversarial,False,True,no_safety_stock,0.9484570668117914,1.0,REJECT,True,feasibility|internal|calibration
eoq-0004-base,eoq,base,True,False,none,0.9217786253373181,0.0,ACCEPT,False,
eoq-0004-distractor,eoq,distractor,True,False,none,0.8991469938351724,0.0,ACCEPT,False,
eoq-0004-adversarial,eoq,adversarial,True,False,none,0.9467868787846345,0.0,ACCEPT,False,
eoq-0005-base,eoq,base,True,False,none,0.8988955796244306,0.0,ACCEPT,False,
eoq-0005-distractor,eoq,distractor,True,False,none,0.9357964355383821,0.0,ACCEPT,False,
eoq-0005-adversarial,eoq,adversarial,True,False,none,0.9397997132785544,0.0,ACCEPT,False,
eoq-0006-base,eoq,base,True,False,none,0.9318438267366743,0.0,ACCEPT,False,
eoq-0006-distractor,eoq,distractor,True,False,none,0.9528981558006613,0.0,ACCEPT,False,
eoq-0006-adversarial,eoq,adversarial,True,False,none,0.8897872255003884,0.0,ACCEPT,False,
eoq-0007-base,eoq,base,True,False,none,0.9081591601713889,0.0,ACCEPT,False,
eoq-0007-distractor,eoq,distractor,False,True,no_safety_stock,0.9786972984194374,1.0,REJECT,True,feasibility|internal|calibration
eoq-0007-adversarial,eoq,adversarial,False,True,eoq_drop_2,0.9108414968675692,0.6366410382255544,ESCALATE,True,dominance|calibration
eoq-0008-base,eoq,base,False,True,no_safety_stock,0.9116603758585813,1.0,REJECT,True,feasibility|internal|calibration
eoq-0008-distractor,eoq,distractor,True,False,none,0.8924977749860765,0.0,ACCEPT,False,
eoq-0008-adversarial,eoq,adversarial,True,False,none,0.8653547616024523,0.0,ACCEPT,False,
eoq-0009-base,eoq,base,False,True,no_safety_stock,0.8937074757696212,1.0,REJECT,True,feasibility|internal|calibration
eoq-0009-distractor,eoq,distractor,True,False,none,0.9005055151203206,0.0,ACCEPT,False,
eoq-0009-adversarial,eoq,adversarial,False,True,eoq_drop_2,0.8669119075292517,0.6300421543577707,ESCALATE,True,dominance|calibration
eoq-0010-base,eoq,base,True,False,none,0.923169996626724,0.0,ACCEPT,False,
eoq-0010-distractor,eoq,distractor,True,False,none,0.9189151528461955,0.0,ACCEPT,False,
eoq-0010-adversarial,eoq,adversarial,False,True,eoq_drop_2,0.9209189149473734,0.6380843296632656,ESCALATE,True,dominance|calibration
eoq-0011-base,eoq,base,True,False,none,0.9555857238772384,0.0,ACCEPT,False,
eoq-0011-distractor,eoq,distractor,True,False,none,0.9025342387770717,0.0,ACCEPT,False,
eoq-0011-adversarial,eoq,adversarial,False,True,eoq_drop_2,0.9129879250576606,0.6369929897756278,ESCALATE,True,dominance|calibration
newsvendor-0000-base,newsvendor,base,True,False,none,0.8879733432266542,0.0,ACCEPT,False,
newsvendor-0000-distractor,newsvendor,distractor,True,False,none,0.9343982116126255,0.0,ACCEPT,False,
newsvendor-0000-adversarial,newsvendor,adversarial,True,False,none,0.9032049745486249,0.0,ACCEPT,False,
newsvendor-0001-base,newsvendor,base,True,False,none,0.9014988638012743,0.0,ACCEPT,False,
newsvendor-0001-distractor,newsvendor,distractor,True,False,none,0.9018138469063208,0.0,ACCEPT,False,
newsvendor-0001-adversarial,newsvendor,adversarial,True,False,none,0.9075597111523194,0.0,ACCEPT,False,
newsvendor-0002-base,newsvendor,base,True,False,ignore_salvage,0.9244335858200268,0.0,ACCEPT,False,
newsvendor-0002-distractor,newsvendor,distractor,False,True,inverted_cr,0.9494699711968106,1.0,REJECT,True,internal|dominance|calibration
newsvendor-0002-adversarial,newsvendor,adversarial,True,False,ignore_salvage,0.8747893397295943,0.0,ACCEPT,False,
newsvendor-0003-base,newsvendor,base,True,False,none,0.9355096686886908,0.0,ACCEPT,False,
newsvendor-0003-distractor,newsvendor,distractor,True,False,inverted_cr,0.9597433995491047,1.0,REJECT,True,internal|calibration
newsvendor-0003-adversarial,newsvendor,adversarial,True,False,none,0.8684986864015488,0.0,ACCEPT,False,
newsvendor-0004-base,newsvendor,base,True,False,ignore_salvage,0.902968239552188,0.0,ACCEPT,False,
newsvendor-0004-distractor,newsvendor,distractor,True,False,none,0.9356615995233982,0.0,ACCEPT,False,
newsvendor-0004-adversarial,newsvendor,adversarial,True,False,ignore_salvage,0.9515765632927283,0.0,ACCEPT,False,
newsvendor-0005-base,newsvendor,base,True,False,none,0.8986672418000455,0.0,ACCEPT,False,
newsvendor-0005-distractor,newsvendor,distractor,True,False,none,0.8906080979227913,0.0,ACCEPT,False,
newsvendor-0005-adversarial,newsvendor,adversarial,True,False,none,0.9014403186113655,0.0,ACCEPT,False,
newsvendor-0006-base,newsvendor,base,True,False,none,0.8908993468610147,0.0,ACCEPT,False,
newsvendor-0006-distractor,newsvendor,distractor,True,False,none,0.9336194950357102,0.0,ACCEPT,False,
newsvendor-0006-adversarial,newsvendor,adversarial,True,False,ignore_salvage,0.9342694510750793,0.0,ACCEPT,False,
newsvendor-0007-base,newsvendor,base,True,False,none,0.9014413968665829,0.0,ACCEPT,False,
newsvendor-0007-distractor,newsvendor,distractor,True,False,inverted_cr,0.9122836452445107,1.0,REJECT,True,internal|calibration
newsvendor-0007-adversarial,newsvendor,adversarial,True,False,none,0.9700369354540799,0.0,ACCEPT,False,
newsvendor-0008-base,newsvendor,base,False,True,inverted_cr,0.9524089238232928,1.0,REJECT,True,internal|dominance|calibration
newsvendor-0008-distractor,newsvendor,distractor,True,False,ignore_salvage,0.9615966842703174,0.0,ACCEPT,False,
newsvendor-0008-adversarial,newsvendor,adversarial,False,True,inverted_cr,0.9320088484342262,1.0,REJECT,True,internal|dominance|calibration
newsvendor-0009-base,newsvendor,base,False,True,inverted_cr,0.9399099595500369,1.0,REJECT,True,internal|dominance|calibration
newsvendor-0009-distractor,newsvendor,distractor,True,False,ignore_salvage,0.9204241793816496,0.0,ACCEPT,False,
newsvendor-0009-adversarial,newsvendor,adversarial,True,False,none,0.890731806783089,0.0,ACCEPT,False,
newsvendor-0010-base,newsvendor,base,False,True,inverted_cr,0.9398235886048443,1.0,REJECT,True,internal|dominance|calibration
newsvendor-0010-distractor,newsvendor,distractor,True,False,inverted_cr,0.9223090638782325,0.0,ACCEPT,False,
newsvendor-0010-adversarial,newsvendor,adversarial,False,True,inverted_cr,0.9130064466979426,1.0,REJECT,True,internal|dominance|calibration
newsvendor-0011-base,newsvendor,base,True,False,none,0.8790610609561902,0.0,ACCEPT,False,
newsvendor-0011-distractor,newsvendor,distractor,True,False,inverted_cr,0.899251240830106,1.0,REJECT,True,internal|dominance|calibration
newsvendor-0011-adversarial,newsvendor,adversarial,True,False,ignore_salvage,0.9215531252254723,0.0,ACCEPT,False,
lp_sourcing-0000-base,lp_sourcing,base,True,False,ignore_dcr,0.8520607703785577,0.0,ACCEPT,False,
lp_sourcing-0000-distractor,lp_sourcing,distractor,True,False,none,0.8867338177027867,0.0,ACCEPT,False,
lp_sourcing-0000-adversarial,lp_sourcing,adversarial,True,False,none,0.9397397848801206,0.0,ACCEPT,False,
lp_sourcing-0001-base,lp_sourcing,base,True,False,none,0.9166099080416599,0.0,ACCEPT,False,
lp_sourcing-0001-distractor,lp_sourcing,distractor,True,False,none,0.8653477539779587,0.0,ACCEPT,False,
lp_sourcing-0001-adversarial,lp_sourcing,adversarial,True,False,greedy_cheapest,0.9287353233684689,0.0,ACCEPT,False,
lp_sourcing-0002-base,lp_sourcing,base,True,False,none,0.9221496280572735,0.0,ACCEPT,False,
lp_sourcing-0002-distractor,lp_sourcing,distractor,True,False,none,0.9400152025407017,0.0,ACCEPT,False,
lp_sourcing-0002-adversarial,lp_sourcing,adversarial,True,False,none,0.8939565071902887,0.0,ACCEPT,False,
lp_sourcing-0003-base,lp_sourcing,base,False,True,ignore_dcr,0.9718583367450141,1.0,REJECT,True,feasibility|calibration
lp_sourcing-0003-distractor,lp_sourcing,distractor,True,False,ignore_dcr,0.9119126894212166,0.0,ACCEPT,False,
lp_sourcing-0003-adversarial,lp_sourcing,adversarial,False,True,ignore_dcr,0.8582386141518681,1.0,REJECT,True,feasibility|calibration
lp_sourcing-0004-base,lp_sourcing,base,True,False,none,0.9423881700831755,0.0,ACCEPT,False,
lp_sourcing-0004-distractor,lp_sourcing,distractor,True,False,none,0.9001988017910297,0.0,ACCEPT,False,
lp_sourcing-0004-adversarial,lp_sourcing,adversarial,True,False,none,0.9248061337657779,0.0,ACCEPT,False,
lp_sourcing-0005-base,lp_sourcing,base,True,False,greedy_cheapest,0.9354834597816046,0.0,ACCEPT,False,
lp_sourcing-0005-distractor,lp_sourcing,distractor,True,False,greedy_cheapest,0.9145065067436928,0.0,ACCEPT,False,
lp_sourcing-0005-adversarial,lp_sourcing,adversarial,True,False,none,0.8772090457108127,0.0,ACCEPT,False,
lp_sourcing-0006-base,lp_sourcing,base,True,False,none,0.8602461151067679,0.0,ACCEPT,False,
lp_sourcing-0006-distractor,lp_sourcing,distractor,True,False,none,0.8857198556582253,0.0,ACCEPT,False,
lp_sourcing-0006-adversarial,lp_sourcing,adversarial,False,True,greedy_cheapest,0.9352327778881532,1.0,REJECT,True,feasibility|calibration
lp_sourcing-0007-base,lp_sourcing,base,True,False,none,0.9616688597369039,0.0,ACCEPT,False,
lp_sourcing-0007-distractor,lp_sourcing,distractor,True,False,none,0.9231908160325091,0.0,ACCEPT,False,
lp_sourcing-0007-adversarial,lp_sourcing,adversarial,True,False,greedy_cheapest,0.988868397006254,0.0,ACCEPT,False,
lp_sourcing-0008-base,lp_sourcing,base,True,False,none,0.9170211794428911,0.0,ACCEPT,False,
lp_sourcing-0008-distractor,lp_sourcing,distractor,True,False,none,0.9318588575641822,0.0,ACCEPT,False,
lp_sourcing-0008-adversarial,lp_sourcing,adversarial,True,False,none,0.8987855240185917,0.0,ACCEPT,False,
lp_sourcing-0009-base,lp_sourcing,base,True,False,ignore_dcr,0.8688463237136409,0.0,ACCEPT,False,
lp_sourcing-0009-distractor,lp_sourcing,distractor,True,False,none,0.9508281592216452,0.0,ACCEPT,False,
lp_sourcing-0009-adversarial,lp_sourcing,adversarial,True,False,none,0.9314786642932288,0.0,ACCEPT,False,
lp_sourcing-0010-base,lp_sourcing,base,False,True,ignore_dcr,0.8933982187402658,1.0,REJECT,True,feasibility|calibration
lp_sourcing-0010-distractor,lp_sourcing,distractor,True,False,none,0.8750173906602181,0.0,ACCEPT,False,
lp_sourcing-0010-adversarial,lp_sourcing,adversarial,False,True,greedy_cheapest,0.9413805085302499,1.0,REJECT,True,feasibility|calibration
lp_sourcing-0011-base,lp_sourcing,base,True,False,none,0.8244589210681984,0.0,ACCEPT,False,
lp_sourcing-0011-distractor,lp_sourcing,distractor,True,False,ignore_dcr,0.9499972497789666,0.0,ACCEPT,False,
lp_sourcing-0011-adversarial,lp_sourcing,adversarial,True,False,none,0.9142381937203665,0.0,ACCEPT,False,
